OBJECT_NAME,OBJECT_ID,EPOCH,MEAN_MOTION,ECCENTRICITY,INCLINATION,RA_OF_ASC_NODE,ARG_OF_PERICENTER,MEAN_ANOMALY,EPHEMERIS_TYPE,CLASSIFICATION_TYPE,NORAD_CAT_ID,ELEMENT_SET_NO,REV_AT_EPOCH,BSTAR,MEAN_MOTION_DOT,MEAN_MOTION_DDOT
GPS BIIR-5  (PRN 22),2000-040A,2026-06-23T06:50:34.458720,2.00557780,.01209615,54.8508,214.9200,302.5244,64.1899,0,U,26407,999,19007,0,.52E-6,0
GPS BIIR-8  (PRN 16),2003-005A,2026-06-23T04:46:42.594240,2.00560308,.0147991,54.8814,214.7299,53.0898,27.5702,0,U,27663,999,17143,0,.51E-6,0
GPS BIIR-11 (PRN 19),2004-009A,2026-06-23T23:15:25.149312,2.00554582,.01163949,54.8239,275.4130,173.3953,256.1802,0,U,28190,999,16308,0,-.73E-6,0
GPS BIIR-13 (PRN 02),2004-045A,2026-06-23T18:13:47.407872,2.00556268,.01698988,55.1318,324.6314,316.5740,26.7212,0,U,28474,999,15855,0,-.105E-5,0
GPS BIIRM-1 (PRN 17),2005-038A,2026-06-23T07:07:55.159680,2.00565318,.01279426,54.8729,272.9307,296.2134,37.1387,0,U,28874,999,15195,0,-.72E-6,0
GPS BIIRM-2 (PRN 31),2006-042A,2026-06-24T03:21:26.483904,2.00569486,.01067054,54.7116,151.0629,54.5858,65.8467,0,U,29486,999,14453,0,.68E-6,0
GPS BIIRM-3 (PRN 12),2006-052A,2026-06-21T21:44:14.544096,2.00558294,.00854923,54.9339,213.8191,90.7942,270.2511,0,U,29601,999,14350,0,.37E-6,0
GPS BIIRM-4 (PRN 15),2007-047A,2026-06-22T05:03:35.004384,2.00555002,.01669625,54.0988,79.8584,87.4865,274.4365,0,U,32260,999,13691,0,-.62E-6,0
GPS BIIRM-5 (PRN 29),2007-062A,2026-06-24T00:39:01.362240,2.00560588,.00358224,55.0261,273.8775,166.0586,192.8031,0,U,32384,999,13564,0,-.7E-6,0
GPS BIIRM-6 (PRN 07),2008-012A,2026-06-23T02:51:04.872096,2.00572612,.0211378,54.4982,149.6877,247.9177,109.8083,0,U,32711,999,13387,0,.72E-6,0
GPS BIIRM-8 (PRN 05),2009-043A,2026-06-23T14:50:40.363872,2.00554013,.00537894,56.2144,27.1991,83.4687,286.6867,0,U,35752,999,12349,0,-.97E-6,0
GPS BIIF-1  (PRN 25),2010-022A,2026-06-24T04:20:47.040864,2.00562833,.01263995,54.2699,208.2802,66.1241,109.1549,0,U,36585,999,11773,0,.74E-6,0
GPS BIIF-3  (PRN 24),2012-053A,2026-06-23T19:08:29.603904,2.00567625,.01806762,53.5871,143.3285,65.8518,296.0006,0,U,38833,999,9957,0,.54E-6,0
GPS BIIF-4  (PRN 27),2013-023A,2026-06-23T03:59:11.760576,2.00563498,.01414751,54.4992,268.7299,51.0504,310.2345,0,U,39166,999,9600,0,-.66E-6,0
GPS BIIF-5  (PRN 30),2014-008A,2026-06-23T15:59:38.453856,2.00560255,.00842246,53.6556,149.0554,231.3654,127.8599,0,U,39533,999,8981,0,.66E-6,0
GPS BIIF-6  (PRN 06),2014-026A,2026-06-22T22:40:32.154240,2.00560629,.00381306,56.4953,331.2933,326.4275,33.3264,0,U,39741,999,8865,0,-.99E-6,0
GPS BIIF-7  (PRN 09),2014-045A,2026-06-24T00:48:39.536352,2.00558930,.00336006,55.3575,88.1921,118.2393,242.1018,0,U,40105,999,8621,0,-.63E-6,0
GPS BIIF-8  (PRN 03),2014-068A,2026-06-23T21:40:34.173984,2.00576712,.00671924,56.9922,30.6959,70.8638,289.9134,0,U,40294,999,8534,0,-.94E-6,0
GPS BIIF-9  (PRN 26),2015-013A,2026-06-24T01:01:48.535104,2.00551017,.01097013,53.1675,203.8938,40.1849,320.6852,0,U,40534,999,8196,0,.77E-6,0
GPS BIIF-10 (PRN 08),2015-033A,2026-06-23T16:52:00.601536,2.00556019,.01151327,53.9772,266.8177,30.2303,330.4654,0,U,40730,999,8012,0,-.61E-6,0
GPS BIIF-11 (PRN 10),2015-062A,2026-06-22T18:16:30.267552,2.00567128,.0112067,56.9632,30.5963,231.0618,127.9803,0,U,41019,999,7794,0,-.97E-6,0
GPS BIIF-12 (PRN 32),2016-007A,2026-06-23T08:26:03.952896,2.00551431,.0095306,55.5273,89.2151,247.1068,111.8872,0,U,41328,999,7596,0,-.56E-6,0
GPS BIII-1  (PRN 04),2018-109A,2026-06-24T05:48:44.796096,2.00562123,.00383565,55.6863,91.9080,197.7698,340.0100,0,U,43873,999,5521,0,-.58E-6,0
GPS BIII-2  (PRN 18),2019-056A,2026-06-23T20:49:29.050176,2.00570063,.00623165,55.6337,330.8764,197.6606,333.5530,0,U,44506,999,5020,0,-.103E-5,0
GPS BIII-3  (PRN 23),2020-041A,2026-06-22T17:13:34.256640,2.00558666,.0064233,56.6735,28.7279,204.6080,154.4402,0,U,45854,999,4414,0,-.98E-6,0
GPS BIII-4  (PRN 14),2020-078A,2026-06-23T17:59:20.054688,2.00565058,.00737348,53.9790,210.5121,207.4039,153.1814,0,U,46826,999,4164,0,.65E-6,0
GPS BIII-5  (PRN 11),2021-054A,2026-06-24T00:37:07.470624,2.00568788,.00256155,55.1708,332.1841,228.3259,158.0115,0,U,48859,999,3689,0,-.104E-5,0
GPS BIII-6  (PRN 28),2023-009A,2026-06-23T22:30:16.394400,2.00571203,.00062524,55.1237,148.2534,317.3029,43.8164,0,U,55268,999,2538,0,.65E-6,0
GPS BIII-7  (PRN 01),2024-242A,2026-06-24T01:43:09.505920,2.00571925,.00174984,54.8449,333.9015,4.4663,175.6685,0,U,62339,999,1139,0,-.105E-5,0
GPS BIII-8  (PRN 21),2025-116A,2026-06-23T19:34:47.305056,2.00575606,.00082866,55.2396,30.8630,339.1810,199.1690,0,U,64202,999,800,0,-.98E-6,0
GPS BIII-9  (PRN 20),2026-017A,2026-06-23T16:17:10.541472,2.00571043,.00218227,55.0923,88.4946,258.7607,100.9960,0,U,67588,999,43174,0,-.6E-6,0
GPS BIII-10 (PRN 13),2026-087A,2026-06-22T15:38:01.863744,2.00570839,.00206819,54.9627,207.5713,106.6591,76.9843,0,U,68791,999,94,0,.58E-6,0
